,Community_test,Tissue_Unit_test,probability,Tissue_Unit_test_per,Community_test_per,width,nodeCommunity_test,nodeTissue_Unit_test,line_p
0,CD8+ T IEL area_m,Mucosa_o,99.91595302455535,82.38732314261465,12.839897217822966,19.98319060491107,385.19691653468897,2471.6196942784395,9.991595302455535
1,Goblet-enriched area_m,Mucosa_o,99.9921876220684,82.38732314261465,18.666748332414592,19.99843752441368,560.0024499724377,2471.6196942784395,9.99921876220684
2,Mature epithelial area_m,Mucosa_o,99.96469549867608,82.38732314261465,8.261365392972662,19.992939099735217,247.84096178917986,2471.6196942784395,9.996469549867609
3,Paneth & glandular area_m,Mucosa_o,99.77120681166556,82.38732314261465,10.070845036326673,19.954241362333114,302.12535108980023,2471.6196942784395,9.977120681166557
4,Plasma-enriched area_m,Mucosa_o,99.97013389968309,82.38732314261465,17.578260577901833,19.99402677993662,527.347817337055,2471.6196942784395,9.99701338996831
5,Proliferating TA area_m,Mucosa_o,99.68248498572413,82.38732314261465,11.849700024208062,19.936496997144825,355.49100072624185,2471.6196942784395,9.968248498572413
6,Muscle area_m,Muscularis_o,76.53149992984424,8.7003187880803,10.393424740638334,15.306299985968849,311.80274221915005,261.00956364240903,7.653149992984424
7,Stromal and vasculature area_m,Submucosa_o,80.2036613917802,8.912358069305053,10.339758677714876,16.04073227835604,310.19276033144627,267.3707420791516,8.02036613917802
